,Products
0,Limited Edition Gold Kit
1,Limited Edition Balm Dotcom Roulette
2,G Pal Sweatshirt
3,Lip Gloss
4,The Skincare Edit
5,The Nightstand Duo
6,Glossier You
7,Lidstar Duo
8,The Comfort Collection
9,Skywash Duo
10,Milky Jelly Cleanser + Solution
11,The Ready Set
12,The Skincare Edit
13,Milky Jelly Cleanser
14,The 3-Step Skincare Routine
15,The 3-Step Skincare Routine: Oily Skin
16,The 3-Step Skincare Routine: Dry Skin
17,Futuredew
18,Super Bounce
19,Super Pure
20,Super Glow
21,Solution
22,Priming Moisturizer
23,Priming Moisturizer Balance
24,Priming Moisturizer Rich
25,Bubblewrap
26,Moisturizing Moon Mask
27,Mega Greens Galaxy Pack
28,Hand Cream
29,Balm Dotcom
30,Invisible Shield
31,Milky Oil
32,Zit Stick
33,Soothing Face Mist
34,The Super Pack
35,Mask Duo
36,Boy Brow
37,Lash Slick
38,Cloud Paint
39,Generation G
40,Brow Flick
41,Perfecting Skin Tint 
42,Stretch Concealer 
43,Skywash
44,Lip Gloss
45,Pro Tip
46,Lidstar
47,Haloscope
48,Wowder 
49,The Makeup Set 2
50,Lip Gloss + Haloscope Duo
51,Perfecting Skin Tint + Stretch Concealer Duo
52,The Eye Color Set
53,Lip Gloss Trio
54,Boy Brow + Brow Flick Duo
55,Wowder Duo
56,Eye Trio
57,The Sue Bird Set
58,Limited Edition Gold Kit
59,Limited Edition Balm Dotcom Roulette
60,Smells Like You Set
61,The Skincare Edit
62,The Nightstand Duo
63,The 3-Step Skincare Routine
64,The 3-Step Skincare Routine: Oily Skin
65,The 3-Step Skincare Routine: Dry Skin
66,Body Hero Duo
67,The Super Pack
68,The Core Lip Collection
69,The Refine Duo
70,The Dewy Look
71,Milky Jelly Cleanser + Futuredew
72,The Eye Color Set
73,Boy Brow + Balm Dotcom + Futuredew
74,The Treat + Perfect Duo
75,The Emily Weiss Set
76,Eye Trio
77,Lip Gloss Trio
78,The Makeup Set 2
79,Lash Slick + Bubblewrap
80,Lip Gloss + Haloscope Duo
81,Boy Brow + Brow Flick Duo
82,The Makeup Set
83,Balm Dotcom Trio
84,Perfecting Skin Tint + Stretch Concealer Duo
85,Cloud Paint Duo
86,Mask Duo
87,Wowder Duo
88,Boy Brow + Generation G Duo
89,Milky Jelly Cleanser + Solution
90,Lidstar Duo
91,Skywash Duo
92,The Ready Set
93,The Comfort Collection
94,The Sue Bird Set
95,Smells Like You Set
96,Body Hero Dry-Touch Oil Mist
97,Body Hero Exfoliating Bar
98,The Nightstand Duo
99,Hand Cream
100,Body Hero Daily Oil Wash
101,Body Hero Daily Perfecting Cream
102,Body Hero Duo
103,Smells Like You Set
104,Glossier You
105,Wowder Brush
106,Cotton Rounds
107,Digital Gift Card
108,Terrazzo Hoodie
109,Sneaker White Duffel Bag
110,Sunshine Yellow Duffel Bag
111,Water Bottle
112,Original Pink Hoodie
113,Glossier Sweatshirt
114,G Pal Sweatshirt
115,G Pal Scarf
